{"f1_score": 0.9876027757209501, "precision": 0.9872319844212214, "recall": 0.9883398564905415, "accuracy": 0.9883398564905415, "roc_auc_score": 0.9963944175514415}